{
  "results": [
    {
      "command": "go",
      "mean": 0.42994973987333335,
      "stddev": 0.015087896955202375,
      "median": 0.42937022724000007,
      "user": 0.41864784000000005,
      "system": 0.010388219999999997,
      "min": 0.41343591424000004,
      "max": 0.46016641524,
      "times": [
        0.41506995724,
        0.41577937324,
        0.41352229024000003,
        0.41474587324,
        0.41455283124000003,
        0.41606545624,
        0.43974645624,
        0.43537578924000003,
        0.41555454024000005,
        0.41751503924000005,
        0.43284245624,
        0.42663653924000006,
        0.44803349824000005,
        0.43244329024000006,
        0.43846633124,
        0.45486879024000004,
        0.46016641524,
        0.45402091524000004,
        0.43210391524,
        0.45070816524,
        0.42226333224,
        0.45531949824,
        0.43396641524,
        0.41592683124,
        0.41747695624000003,
        0.44077962324000003,
        0.43535683124,
        0.41623674824,
        0.41951212324000003,
        0.41343591424000004
      ],
      "exit_codes": [
        0,
        0,
        0,
        0,
        0,
        0,
        0,
        0,
        0,
        0,
        0,
        0,
        0,
        0,
        0,
        0,
        0,
        0,
        0,
        0,
        0,
        0,
        0,
        0,
        0,
        0,
        0,
        0,
        0,
        0
      ]
    },
    {
      "command": "tinygo",
      "mean": 0.05938704000666668,
      "stddev": 0.002687398966270363,
      "median": 0.05910024824,
      "user": 0.05237100666666665,
      "system": 0.006989219999999999,
      "min": 0.05487378924,
      "max": 0.06593391524,
      "times": [
        0.06256324824000001,
        0.05990649824,
        0.060917665239999995,
        0.05571374824,
        0.05726716524,
        0.05790162324,
        0.05741741524,
        0.059003123240000004,
        0.058322832240000004,
        0.05935329024,
        0.06413795724,
        0.06015866424,
        0.05824979024,
        0.05995962324,
        0.06125962324,
        0.05803016524,
        0.05487378924,
        0.059370873240000004,
        0.06091749824,
        0.05839337324,
        0.05622329024,
        0.05752116524,
        0.059197373240000004,
        0.06535766524,
        0.05702412324,
        0.06144174824,
        0.05892199824,
        0.05564970624,
        0.06062224824,
        0.06593391524
      ],
      "exit_codes": [
        0,
        0,
        0,
        0,
        0,
        0,
        0,
        0,
        0,
        0,
        0,
        0,
        0,
        0,
        0,
        0,
        0,
        0,
        0,
        0,
        0,
        0,
        0,
        0,
        0,
        0,
        0,
        0,
        0,
        0
      ]
    },
    {
      "command": "rust",
      "mean": 0.06987352463999999,
      "stddev": 0.002604075714131422,
      "median": 0.06997249824000001,
      "user": 0.06249457333333333,
      "system": 0.008332019999999999,
      "min": 0.06561128924000001,
      "max": 0.07564633224,
      "times": [
        0.06820187324,
        0.07331212324000001,
        0.06809949824000001,
        0.06761608124000001,
        0.07303804024,
        0.07039333224000001,
        0.06668149824000001,
        0.07564633224,
        0.07049416524,
        0.06631579024,
        0.07072474824000001,
        0.06561128924000001,
        0.07051066524,
        0.06779974824000001,
        0.06766195624,
        0.06618266524000001,
        0.06819574824,
        0.06783654024,
        0.07338437324000001,
        0.07045166524,
        0.07116687324000001,
        0.07242508124000001,
        0.07059403924,
        0.06821374824000001,
        0.07393603924000001,
        0.07380824824000001,
        0.06999520724000001,
        0.06925604024000001,
        0.06994978924,
        0.06870253924000001
      ],
      "exit_codes": [
        0,
        0,
        0,
        0,
        0,
        0,
        0,
        0,
        0,
        0,
        0,
        0,
        0,
        0,
        0,
        0,
        0,
        0,
        0,
        0,
        0,
        0,
        0,
        0,
        0,
        0,
        0,
        0,
        0,
        0
      ]
    }
  ]
}
