{
  "results": [
    {
      "command": "go",
      "mean": 3.1614196348799997,
      "stddev": 0.023701878171020357,
      "median": 3.15158768428,
      "user": 3.158433413333333,
      "system": 0.03857979999999999,
      "min": 3.13814233078,
      "max": 3.21948249778,
      "times": [
        3.14439320578,
        3.14093408078,
        3.13814233078,
        3.14228145578,
        3.1498047057800003,
        3.21948249778,
        3.15120687178,
        3.18409320578,
        3.15888141478,
        3.20228908078,
        3.14580774778,
        3.14136237278,
        3.1560252057800002,
        3.1388065387800004,
        3.16711162178,
        3.19613816378,
        3.1448412887800004,
        3.19424595578,
        3.1946004137800004,
        3.15513349678,
        3.14473987178,
        3.14745716478,
        3.15830620578,
        3.14296233078,
        3.14353716378,
        3.1519684967800004,
        3.1901469977800003,
        3.14470549778,
        3.2006520807800003,
        3.1525315807800003
      ],
      "exit_codes": [
        0,
        0,
        0,
        0,
        0,
        0,
        0,
        0,
        0,
        0,
        0,
        0,
        0,
        0,
        0,
        0,
        0,
        0,
        0,
        0,
        0,
        0,
        0,
        0,
        0,
        0,
        0,
        0,
        0,
        0
      ]
    },
    {
      "command": "tinygo",
      "mean": 0.40114166424666675,
      "stddev": 0.01193901579008009,
      "median": 0.40096612278000004,
      "user": 0.36677118,
      "system": 0.034590366666666664,
      "min": 0.38131549678000004,
      "max": 0.42171462278000005,
      "times": [
        0.38131549678000004,
        0.41629912178000006,
        0.3847118727800001,
        0.40650991478000004,
        0.40051224778000005,
        0.41985133078000003,
        0.38577574778000007,
        0.38169474678000004,
        0.38157583078000007,
        0.39878162278000007,
        0.39426149778,
        0.39853828878,
        0.41249753978000003,
        0.40023683078000005,
        0.42070695578000006,
        0.38393824678000005,
        0.39726991478000007,
        0.4022957897800001,
        0.41368233078000005,
        0.4110191227800001,
        0.40141999778000004,
        0.3996662897800001,
        0.42171462278000005,
        0.3959399557800001,
        0.40320308078000006,
        0.40264833078000006,
        0.40224070578000004,
        0.39570762278000005,
        0.4162084977800001,
        0.40402637278000003
      ],
      "exit_codes": [
        0,
        0,
        0,
        0,
        0,
        0,
        0,
        0,
        0,
        0,
        0,
        0,
        0,
        0,
        0,
        0,
        0,
        0,
        0,
        0,
        0,
        0,
        0,
        0,
        0,
        0,
        0,
        0,
        0,
        0
      ]
    },
    {
      "command": "rust",
      "mean": 0.49564844748000003,
      "stddev": 0.020523614457001755,
      "median": 0.48807760128000005,
      "user": 0.4601950466666668,
      "system": 0.03775076666666667,
      "min": 0.4723232887800001,
      "max": 0.53775074678,
      "times": [
        0.47494149778000005,
        0.53775074678,
        0.5186492477800001,
        0.5295336637800001,
        0.49007553878000004,
        0.4939409557800001,
        0.48303695578000005,
        0.47436328978000003,
        0.47838570578000006,
        0.47998878878000006,
        0.47448224778000003,
        0.5141322057800001,
        0.52187695578,
        0.51172458078,
        0.5181349147800001,
        0.48607966378000006,
        0.48598866378000005,
        0.49616183078000003,
        0.48495403978000007,
        0.47585195578000006,
        0.50076053878,
        0.47812278878000003,
        0.5339428727800001,
        0.49410145578000003,
        0.47459270578000007,
        0.48087166478000004,
        0.5107004967800001,
        0.47489849778000004,
        0.4723232887800001,
        0.5190856647800001
      ],
      "exit_codes": [
        0,
        0,
        0,
        0,
        0,
        0,
        0,
        0,
        0,
        0,
        0,
        0,
        0,
        0,
        0,
        0,
        0,
        0,
        0,
        0,
        0,
        0,
        0,
        0,
        0,
        0,
        0,
        0,
        0,
        0
      ]
    }
  ]
}
