{
  "results": [
    {
      "command": "go",
      "mean": 0.22125175381333334,
      "stddev": 0.005450249258767713,
      "median": 0.22020184388000003,
      "user": 0.21201255333333338,
      "system": 0.00875834666666667,
      "min": 0.21683821888000002,
      "max": 0.24058196888000002,
      "times": [
        0.22032721888000004,
        0.22437005288000003,
        0.22217021888000002,
        0.22044488588000002,
        0.22007646888000001,
        0.21824563588,
        0.21748192688,
        0.22355759388000002,
        0.23844967788000002,
        0.24058196888000002,
        0.22135367688000002,
        0.21828788588000003,
        0.21683821888000002,
        0.22242505188000003,
        0.22248705288000004,
        0.22437717788000003,
        0.21839288588000003,
        0.21715142788000003,
        0.21759342688000002,
        0.22248217788000002,
        0.21773751088,
        0.21828751088000004,
        0.21758659388,
        0.22134767788,
        0.21834813588000002,
        0.21770846888000003,
        0.21822884388000002,
        0.22138434388000003,
        0.21925105288000002,
        0.22057784388
      ],
      "exit_codes": [
        0,
        0,
        0,
        0,
        0,
        0,
        0,
        0,
        0,
        0,
        0,
        0,
        0,
        0,
        0,
        0,
        0,
        0,
        0,
        0,
        0,
        0,
        0,
        0,
        0,
        0,
        0,
        0,
        0,
        0
      ]
    },
    {
      "command": "tinygo",
      "mean": 0.03338885678000002,
      "stddev": 0.0007486109649945181,
      "median": 0.033268365380000005,
      "user": 0.02661202,
      "system": 0.007185946666666667,
      "min": 0.03227434388000001,
      "max": 0.034895843880000006,
      "times": [
        0.033470719880000006,
        0.03380438588,
        0.032548510880000006,
        0.033279927880000004,
        0.033256802880000005,
        0.03396467788,
        0.03320771988000001,
        0.032442010880000004,
        0.03423263588,
        0.032691760880000004,
        0.033535302880000006,
        0.03325609488,
        0.03287101088,
        0.03323413588,
        0.03413946888,
        0.03254321888,
        0.033785844880000006,
        0.03243309388000001,
        0.03272742788000001,
        0.032540302880000004,
        0.03371496888,
        0.03449513588000001,
        0.03260451088000001,
        0.033415510880000006,
        0.03421709388000001,
        0.034895843880000006,
        0.03227434388000001,
        0.034346093880000005,
        0.032997260880000004,
        0.03473988588
      ],
      "exit_codes": [
        0,
        0,
        0,
        0,
        0,
        0,
        0,
        0,
        0,
        0,
        0,
        0,
        0,
        0,
        0,
        0,
        0,
        0,
        0,
        0,
        0,
        0,
        0,
        0,
        0,
        0,
        0,
        0,
        0,
        0
      ]
    },
    {
      "command": "rust",
      "mean": 0.03497687884666668,
      "stddev": 0.0007475726240520277,
      "median": 0.03501109438,
      "user": 0.028369553333333335,
      "system": 0.008120246666666667,
      "min": 0.033575343880000004,
      "max": 0.036362510880000004,
      "times": [
        0.035245010880000004,
        0.03453759388,
        0.035863719880000006,
        0.034538552880000004,
        0.035800218880000005,
        0.03509109388000001,
        0.035853344880000006,
        0.03493905288,
        0.03492113588,
        0.03430367788,
        0.035190801880000004,
        0.035737468880000005,
        0.03543155188,
        0.035548968880000004,
        0.03565259388000001,
        0.03381376088,
        0.034807968880000005,
        0.035074802880000006,
        0.033948802880000004,
        0.033575343880000004,
        0.03586134388000001,
        0.03383346888,
        0.034760510880000005,
        0.036362510880000004,
        0.03411230288000001,
        0.03494738588,
        0.03489892788000001,
        0.03567042688,
        0.033699051880000004,
        0.03528496888
      ],
      "exit_codes": [
        0,
        0,
        0,
        0,
        0,
        0,
        0,
        0,
        0,
        0,
        0,
        0,
        0,
        0,
        0,
        0,
        0,
        0,
        0,
        0,
        0,
        0,
        0,
        0,
        0,
        0,
        0,
        0,
        0,
        0
      ]
    }
  ]
}
