{
  "results": [
    {
      "command": "go",
      "mean": 1.5907824210866666,
      "stddev": 0.014087068792768666,
      "median": 1.58681823462,
      "user": 1.5551198400000001,
      "system": 0.03525251333333333,
      "min": 1.57953800562,
      "max": 1.63836963162,
      "times": [
        1.60938946462,
        1.58163850562,
        1.58032729762,
        1.58262358862,
        1.58142471462,
        1.58071008962,
        1.58903133962,
        1.57976929762,
        1.59599513062,
        1.57953800562,
        1.58321042262,
        1.59389121462,
        1.5876641306200001,
        1.58634163062,
        1.58681058862,
        1.63836963162,
        1.5965310476199999,
        1.58327683862,
        1.63278779762,
        1.60204538062,
        1.58682588062,
        1.58779050562,
        1.58691325562,
        1.5815591306199999,
        1.58253821362,
        1.59481638062,
        1.58357992262,
        1.5930351726199998,
        1.58318063062,
        1.59185742262
      ],
      "exit_codes": [
        0,
        0,
        0,
        0,
        0,
        0,
        0,
        0,
        0,
        0,
        0,
        0,
        0,
        0,
        0,
        0,
        0,
        0,
        0,
        0,
        0,
        0,
        0,
        0,
        0,
        0,
        0,
        0,
        0,
        0
      ]
    },
    {
      "command": "tinygo",
      "mean": 0.20066812828666666,
      "stddev": 0.006084065348881085,
      "median": 0.19920894362000002,
      "user": 0.16687597333333334,
      "system": 0.03432681333333334,
      "min": 0.19291621462,
      "max": 0.22342371362000002,
      "times": [
        0.19639246462,
        0.19638196462000002,
        0.19540950562,
        0.20979113062000002,
        0.20383592262,
        0.19627358962,
        0.19850558962,
        0.20571050662,
        0.19760875662000002,
        0.19458833962,
        0.19840733962,
        0.19596204762,
        0.19961088162,
        0.20194263062,
        0.19716642262,
        0.19929579762000002,
        0.22342371362000002,
        0.20162721462,
        0.19600546462000001,
        0.19615617262,
        0.20262708962,
        0.20079608862,
        0.19291621462,
        0.19862508862,
        0.19912208962,
        0.19975942262000002,
        0.21071721462,
        0.20361558862,
        0.20648000662000002,
        0.20128958962000001
      ],
      "exit_codes": [
        0,
        0,
        0,
        0,
        0,
        0,
        0,
        0,
        0,
        0,
        0,
        0,
        0,
        0,
        0,
        0,
        0,
        0,
        0,
        0,
        0,
        0,
        0,
        0,
        0,
        0,
        0,
        0,
        0,
        0
      ]
    },
    {
      "command": "rust",
      "mean": 0.23592214341999998,
      "stddev": 0.006284033089987535,
      "median": 0.23587781862,
      "user": 0.2010120733333333,
      "system": 0.03721467999999999,
      "min": 0.22711617262,
      "max": 0.25004367262000005,
      "times": [
        0.22873246462000002,
        0.23984483862,
        0.24337538062,
        0.23287533862,
        0.23745779762000002,
        0.23648271362,
        0.23228096462,
        0.24142404762,
        0.25004367262000005,
        0.22850683962,
        0.24431888062,
        0.22889333962,
        0.23035254762000001,
        0.23171058962000002,
        0.22774083962,
        0.23865083962,
        0.23965479762,
        0.23559500662000002,
        0.24522275562,
        0.23616063062,
        0.24410525562000002,
        0.23288638062,
        0.23144983862000001,
        0.23193783962,
        0.23095588062,
        0.23867996462000002,
        0.22750579762,
        0.24358379762000001,
        0.24011908962,
        0.22711617262
      ],
      "exit_codes": [
        0,
        0,
        0,
        0,
        0,
        0,
        0,
        0,
        0,
        0,
        0,
        0,
        0,
        0,
        0,
        0,
        0,
        0,
        0,
        0,
        0,
        0,
        0,
        0,
        0,
        0,
        0,
        0,
        0,
        0
      ]
    }
  ]
}
