{
  "results": [
    {
      "command": "go",
      "mean": 0.06987228641333335,
      "stddev": 0.0007989886792637086,
      "median": 0.06987017247999999,
      "user": 0.06418573333333336,
      "system": 0.005416566666666667,
      "min": 0.06888835998,
      "max": 0.07239802698,
      "times": [
        0.07004590198,
        0.06949002698,
        0.07077344298,
        0.06904660997999999,
        0.06997502598,
        0.06929435998,
        0.06939102698,
        0.07064644298,
        0.06908794398,
        0.06888835998,
        0.06893623498,
        0.06938473498,
        0.07116794298,
        0.06943765198,
        0.07063565198,
        0.06911460998,
        0.06930181798,
        0.06936306798,
        0.07005615198,
        0.06894869298,
        0.07037210998,
        0.07024815197999999,
        0.06987173498,
        0.06904256898,
        0.06986860998,
        0.07054931798,
        0.07239802698,
        0.07047823498,
        0.07022227698,
        0.07013185998
      ],
      "exit_codes": [
        0,
        0,
        0,
        0,
        0,
        0,
        0,
        0,
        0,
        0,
        0,
        0,
        0,
        0,
        0,
        0,
        0,
        0,
        0,
        0,
        0,
        0,
        0,
        0,
        0,
        0,
        0,
        0,
        0,
        0
      ]
    },
    {
      "command": "tinygo",
      "mean": 0.014235476613333334,
      "stddev": 0.0006206547906028285,
      "median": 0.014133214480000001,
      "user": 0.010416633333333335,
      "system": 0.003815,
      "min": 0.01363402598,
      "max": 0.016860609980000003,
      "times": [
        0.01468177698,
        0.01430806798,
        0.01409565198,
        0.01417577698,
        0.014549317980000002,
        0.01387610998,
        0.01366165098,
        0.01370340198,
        0.01424060998,
        0.013971984980000003,
        0.013719400980000003,
        0.016860609980000003,
        0.014913401980000003,
        0.015034026980000002,
        0.014480318980000002,
        0.01420406798,
        0.01376173498,
        0.014014025980000002,
        0.01407323498,
        0.01432415198,
        0.01372973498,
        0.013969192980000001,
        0.01407060998,
        0.013857275980000002,
        0.014606234980000002,
        0.01418369398,
        0.01452631798,
        0.014170776980000003,
        0.01363402598,
        0.01366710998
      ],
      "exit_codes": [
        0,
        0,
        0,
        0,
        0,
        0,
        0,
        0,
        0,
        0,
        0,
        0,
        0,
        0,
        0,
        0,
        0,
        0,
        0,
        0,
        0,
        0,
        0,
        0,
        0,
        0,
        0,
        0,
        0,
        0
      ]
    },
    {
      "command": "rust",
      "mean": 0.01409935994666667,
      "stddev": 0.000461593169011749,
      "median": 0.01415146398,
      "user": 0.010215633333333335,
      "system": 0.004892033333333334,
      "min": 0.013110109980000001,
      "max": 0.014797651980000001,
      "times": [
        0.013588442980000002,
        0.013110109980000001,
        0.01472198498,
        0.014797651980000001,
        0.01390231798,
        0.014518068980000002,
        0.01397390098,
        0.013907817980000002,
        0.01476852698,
        0.013918234980000001,
        0.01424985998,
        0.014748109980000002,
        0.01430740198,
        0.01420277698,
        0.013124234980000002,
        0.014181442980000002,
        0.014202317980000002,
        0.014734359980000002,
        0.014403942980000002,
        0.013921151980000003,
        0.01374644398,
        0.014153942980000002,
        0.01414898498,
        0.014521734980000001,
        0.013826942980000001,
        0.01380819398,
        0.01361202598,
        0.013390401980000003,
        0.014436650980000002,
        0.014052817980000002
      ],
      "exit_codes": [
        0,
        0,
        0,
        0,
        0,
        0,
        0,
        0,
        0,
        0,
        0,
        0,
        0,
        0,
        0,
        0,
        0,
        0,
        0,
        0,
        0,
        0,
        0,
        0,
        0,
        0,
        0,
        0,
        0,
        0
      ]
    }
  ]
}
