{
  "results": [
    {
      "command": "go",
      "mean": 0.8173186038933332,
      "stddev": 0.009460175969755692,
      "median": 0.8149608396600001,
      "user": 0.7972627733333334,
      "system": 0.019564033333333338,
      "min": 0.8081911941600001,
      "max": 0.85100536116,
      "times": [
        0.81692931916,
        0.81532086116,
        0.8081911941600001,
        0.81211811016,
        0.82000906916,
        0.81710777716,
        0.81466481916,
        0.85100536116,
        0.81726148616,
        0.80998581916,
        0.82354244416,
        0.80894911116,
        0.81533877816,
        0.8382925691600001,
        0.83713315316,
        0.82087669416,
        0.81201811016,
        0.81006131916,
        0.80862869416,
        0.8127081111600001,
        0.8151244441600001,
        0.81285481916,
        0.81407898516,
        0.80869723616,
        0.8139951521600001,
        0.81814461116,
        0.81479723516,
        0.8191045691600001,
        0.81850702716,
        0.81411123616
      ],
      "exit_codes": [
        0,
        0,
        0,
        0,
        0,
        0,
        0,
        0,
        0,
        0,
        0,
        0,
        0,
        0,
        0,
        0,
        0,
        0,
        0,
        0,
        0,
        0,
        0,
        0,
        0,
        0,
        0,
        0,
        0,
        0
      ]
    },
    {
      "command": "tinygo",
      "mean": 0.11209438446000002,
      "stddev": 0.0036027574584619657,
      "median": 0.11149440266000002,
      "user": 0.09314567333333335,
      "system": 0.019278166666666662,
      "min": 0.10604619416000001,
      "max": 0.12025294416000001,
      "times": [
        0.11230377816000002,
        0.11421077816000001,
        0.10848777716,
        0.10895423616000001,
        0.11107436116000001,
        0.11241786116000001,
        0.11655990316000002,
        0.11177456916000002,
        0.11090677816000001,
        0.11268136016000001,
        0.10604619416000001,
        0.11121423616000001,
        0.10882106916000002,
        0.10820102716000002,
        0.10919365216000002,
        0.10895561116000001,
        0.11649719416000001,
        0.11243848616000002,
        0.11119198516000002,
        0.11748902716000001,
        0.10841427716000002,
        0.10876023516000001,
        0.11822119416000001,
        0.11662906916000002,
        0.11090865216000001,
        0.11191302716000001,
        0.12025294416000001,
        0.11653677816,
        0.10758931916000002,
        0.11418615216000001
      ],
      "exit_codes": [
        0,
        0,
        0,
        0,
        0,
        0,
        0,
        0,
        0,
        0,
        0,
        0,
        0,
        0,
        0,
        0,
        0,
        0,
        0,
        0,
        0,
        0,
        0,
        0,
        0,
        0,
        0,
        0,
        0,
        0
      ]
    },
    {
      "command": "rust",
      "mean": 0.1223943525266667,
      "stddev": 0.0035149934997982996,
      "median": 0.12095702716000001,
      "user": 0.10323727333333334,
      "system": 0.020451200000000006,
      "min": 0.11761511116000001,
      "max": 0.13156240216,
      "times": [
        0.12399636116000001,
        0.11900186016000001,
        0.13156240216,
        0.12494027716,
        0.12568786016000003,
        0.11940186016000001,
        0.11986348616000002,
        0.12000406916000002,
        0.12805786116,
        0.11994761116000001,
        0.11859265316000002,
        0.12401569416000002,
        0.12636548616,
        0.11896852716000002,
        0.12654915216,
        0.12026361116000002,
        0.12042702816000002,
        0.12368586116000002,
        0.11994106916000001,
        0.12121519416000001,
        0.11870531916000002,
        0.12182727816000001,
        0.12003331916000001,
        0.12457852716000001,
        0.12689611116000002,
        0.12515777716,
        0.12552186116000003,
        0.11761511116000001,
        0.11830848616000002,
        0.12069886016000002
      ],
      "exit_codes": [
        0,
        0,
        0,
        0,
        0,
        0,
        0,
        0,
        0,
        0,
        0,
        0,
        0,
        0,
        0,
        0,
        0,
        0,
        0,
        0,
        0,
        0,
        0,
        0,
        0,
        0,
        0,
        0,
        0,
        0
      ]
    }
  ]
}
