{
  "results": [
    {
      "command": "go",
      "mean": 1.6525416939200002,
      "stddev": 0.05490680639365916,
      "median": 1.64166783022,
      "user": 1.6284491866666666,
      "system": 0.022668760000000003,
      "min": 1.59185976822,
      "max": 1.74161272622,
      "times": [
        1.7291228092200002,
        1.7036984342200001,
        1.65562743422,
        1.60230814222,
        1.59185976822,
        1.6204392682200002,
        1.60003214222,
        1.6183397262199999,
        1.60319864222,
        1.59799705922,
        1.59945497622,
        1.5974905592200002,
        1.63721660122,
        1.60738614222,
        1.5932905592200002,
        1.59457935022,
        1.6461190592200001,
        1.60278422522,
        1.6184770182200001,
        1.65481610122,
        1.64615539222,
        1.71739218422,
        1.71517935122,
        1.68925701722,
        1.65910647522,
        1.7270976842199999,
        1.73382805922,
        1.7321588922200002,
        1.74161272622,
        1.74022501722
      ],
      "exit_codes": [
        0,
        0,
        0,
        0,
        0,
        0,
        0,
        0,
        0,
        0,
        0,
        0,
        0,
        0,
        0,
        0,
        0,
        0,
        0,
        0,
        0,
        0,
        0,
        0,
        0,
        0,
        0,
        0,
        0,
        0
      ]
    },
    {
      "command": "tinygo",
      "mean": 0.2190746480866667,
      "stddev": 0.005950989832247126,
      "median": 0.21879464272000004,
      "user": 0.1981293533333334,
      "system": 0.02073096,
      "min": 0.20764518422000003,
      "max": 0.23141489322000003,
      "times": [
        0.21469535022000003,
        0.21881810122000003,
        0.21412026722000002,
        0.22751101722000003,
        0.21367930922000003,
        0.21497389222000002,
        0.21291835022000002,
        0.22602610122000003,
        0.21923914222000002,
        0.21979730922000001,
        0.21303547622000002,
        0.21974347622000004,
        0.22819943422000002,
        0.21665339322000002,
        0.21994814222000003,
        0.21249585122000003,
        0.22420430922000004,
        0.21183922622000004,
        0.21597618422000003,
        0.23081380922000003,
        0.21761076722000003,
        0.22399968422000002,
        0.22235355922000002,
        0.22444805922000002,
        0.21510976722000003,
        0.20764518422000003,
        0.21877118422000003,
        0.21522330922000002,
        0.22097489222000002,
        0.23141489322000003
      ],
      "exit_codes": [
        0,
        0,
        0,
        0,
        0,
        0,
        0,
        0,
        0,
        0,
        0,
        0,
        0,
        0,
        0,
        0,
        0,
        0,
        0,
        0,
        0,
        0,
        0,
        0,
        0,
        0,
        0,
        0,
        0,
        0
      ]
    },
    {
      "command": "rust",
      "mean": 0.2557734230533333,
      "stddev": 0.006745083597435969,
      "median": 0.25519801772,
      "user": 0.23527611999999998,
      "system": 0.021969259999999994,
      "min": 0.24171339222000002,
      "max": 0.27386105922,
      "times": [
        0.25994272622,
        0.25483480922,
        0.25677476722,
        0.25452285022,
        0.24725426722000002,
        0.25299255922,
        0.25230918422,
        0.25566818422,
        0.25619980922,
        0.25998772622,
        0.25325293422,
        0.26629664222,
        0.25358860122,
        0.26392039222,
        0.26316672522,
        0.25638430922,
        0.25227289222,
        0.24640960022000002,
        0.25458485122,
        0.25845497622,
        0.27386105922,
        0.25366101722,
        0.24171339222000002,
        0.24624668422000004,
        0.25556122622,
        0.25563535122000003,
        0.25365089222,
        0.24695147622000002,
        0.26610351722,
        0.26099926822
      ],
      "exit_codes": [
        0,
        0,
        0,
        0,
        0,
        0,
        0,
        0,
        0,
        0,
        0,
        0,
        0,
        0,
        0,
        0,
        0,
        0,
        0,
        0,
        0,
        0,
        0,
        0,
        0,
        0,
        0,
        0,
        0,
        0
      ]
    }
  ]
}
