{
  "results": [
    {
      "command": "go",
      "mean": 0.11912260132666667,
      "stddev": 0.0010096228369249134,
      "median": 0.11885939986,
      "user": 0.11331355999999998,
      "system": 0.005561286666666667,
      "min": 0.11771577436000001,
      "max": 0.12260048336000001,
      "times": [
        0.11793310836000001,
        0.11959990036000001,
        0.11837544136,
        0.11867052436,
        0.11820490036,
        0.11908694236,
        0.11881465036000001,
        0.11895106636000001,
        0.11868223336,
        0.11971489936,
        0.11983452536,
        0.11972873336,
        0.11913827436,
        0.11807423336,
        0.11826085836000001,
        0.11824402536,
        0.11972056636,
        0.11951452536000001,
        0.11888219136,
        0.12066714936,
        0.11883660836000001,
        0.11877439936,
        0.11931598336,
        0.11863102536,
        0.11771577436000001,
        0.11861119236,
        0.12068277536000001,
        0.11822214936,
        0.12260048336000001,
        0.12018889936
      ],
      "exit_codes": [
        0,
        0,
        0,
        0,
        0,
        0,
        0,
        0,
        0,
        0,
        0,
        0,
        0,
        0,
        0,
        0,
        0,
        0,
        0,
        0,
        0,
        0,
        0,
        0,
        0,
        0,
        0,
        0,
        0,
        0
      ]
    },
    {
      "command": "tinygo",
      "mean": 0.020445274993333335,
      "stddev": 0.0006749586776632043,
      "median": 0.02034827536,
      "user": 0.016644159999999995,
      "system": 0.003805353333333333,
      "min": 0.01955894136,
      "max": 0.021950441360000003,
      "times": [
        0.021171900360000002,
        0.02194202436,
        0.01974456636,
        0.02097202536,
        0.02038252536,
        0.02031402536,
        0.020147233360000003,
        0.020943358360000004,
        0.02080627536,
        0.02025369136,
        0.01989577536,
        0.02050940036,
        0.01960894236,
        0.020250942360000003,
        0.020832108360000004,
        0.019587233360000005,
        0.021684858360000003,
        0.020716691360000004,
        0.021950441360000003,
        0.02090748336,
        0.020282566360000004,
        0.020413316360000003,
        0.01970560836,
        0.019951399360000004,
        0.020164274360000005,
        0.020523442360000005,
        0.01967252436,
        0.01955894136,
        0.01961827436,
        0.020846400360000003
      ],
      "exit_codes": [
        0,
        0,
        0,
        0,
        0,
        0,
        0,
        0,
        0,
        0,
        0,
        0,
        0,
        0,
        0,
        0,
        0,
        0,
        0,
        0,
        0,
        0,
        0,
        0,
        0,
        0,
        0,
        0,
        0,
        0
      ]
    },
    {
      "command": "rust",
      "mean": 0.02174896822666667,
      "stddev": 0.0006495278312300894,
      "median": 0.02167260836,
      "user": 0.01799486,
      "system": 0.004590686666666666,
      "min": 0.02077490036,
      "max": 0.02284844136,
      "times": [
        0.02205119236,
        0.022046608360000004,
        0.021539400360000002,
        0.02162685836,
        0.02175781636,
        0.02185590036,
        0.02077490036,
        0.021434817360000004,
        0.02098915036,
        0.02227477536,
        0.02169919236,
        0.020909400360000004,
        0.02279577436,
        0.02094819136,
        0.02153944236,
        0.02245156636,
        0.02169348336,
        0.021092025360000002,
        0.02248640036,
        0.021074608360000004,
        0.02159519136,
        0.02165173336,
        0.021044816360000003,
        0.02267623336,
        0.022358317360000005,
        0.02121756736,
        0.02284844136,
        0.022381983360000003,
        0.02282760836,
        0.020825650360000003
      ],
      "exit_codes": [
        0,
        0,
        0,
        0,
        0,
        0,
        0,
        0,
        0,
        0,
        0,
        0,
        0,
        0,
        0,
        0,
        0,
        0,
        0,
        0,
        0,
        0,
        0,
        0,
        0,
        0,
        0,
        0,
        0,
        0
      ]
    }
  ]
}
