{
  "results": [
    {
      "command": "go",
      "mean": 0.046684071266666675,
      "stddev": 0.000521748058690008,
      "median": 0.0465615448,
      "user": 0.040957106666666666,
      "system": 0.005395500000000001,
      "min": 0.0458454613,
      "max": 0.0480891283,
      "times": [
        0.0472441693,
        0.0477046283,
        0.0462152113,
        0.0469566703,
        0.0466502943,
        0.046720086300000005,
        0.0463818373,
        0.0469333363,
        0.0465568783,
        0.0463945453,
        0.0465662113,
        0.046151837300000005,
        0.0464095863,
        0.046710212300000005,
        0.0468597533,
        0.0465018363,
        0.0471742533,
        0.0463053363,
        0.046864045300000004,
        0.0480891283,
        0.0465560863,
        0.046367419300000004,
        0.0465921283,
        0.0461050443,
        0.046752545300000004,
        0.0458454613,
        0.0465404613,
        0.047927378300000004,
        0.0461965863,
        0.0462491703
      ],
      "exit_codes": [
        0,
        0,
        0,
        0,
        0,
        0,
        0,
        0,
        0,
        0,
        0,
        0,
        0,
        0,
        0,
        0,
        0,
        0,
        0,
        0,
        0,
        0,
        0,
        0,
        0,
        0,
        0,
        0,
        0,
        0
      ]
    },
    {
      "command": "tinygo",
      "mean": 0.018134404700000002,
      "stddev": 0.00036913449176358284,
      "median": 0.0180598368,
      "user": 0.014597606666666664,
      "system": 0.0035247666666666667,
      "min": 0.0176540453,
      "max": 0.0191195443,
      "times": [
        0.017859920300000002,
        0.0183660873,
        0.0189790453,
        0.0186596703,
        0.0178965873,
        0.0178960863,
        0.0180703373,
        0.0177152943,
        0.0177339203,
        0.0179202533,
        0.018240378300000002,
        0.0182426703,
        0.0176540453,
        0.0179502533,
        0.0180683783,
        0.0178221283,
        0.0183365033,
        0.0179938363,
        0.017721045300000002,
        0.0181557943,
        0.0180830863,
        0.0178576283,
        0.0179040443,
        0.0180512953,
        0.0183290873,
        0.018856586300000002,
        0.0191195443,
        0.0183181693,
        0.0181814613,
        0.0180490033
      ],
      "exit_codes": [
        0,
        0,
        0,
        0,
        0,
        0,
        0,
        0,
        0,
        0,
        0,
        0,
        0,
        0,
        0,
        0,
        0,
        0,
        0,
        0,
        0,
        0,
        0,
        0,
        0,
        0,
        0,
        0,
        0,
        0
      ]
    },
    {
      "command": "rust",
      "mean": 0.007612587999999999,
      "stddev": 0.0002580398658900637,
      "median": 0.0075437528,
      "user": 0.004662273333333332,
      "system": 0.003777533333333334,
      "min": 0.007260087299999999,
      "max": 0.008343586299999999,
      "times": [
        0.0079628783,
        0.0073995863,
        0.0077389203,
        0.0078468363,
        0.007483211299999999,
        0.0078755033,
        0.0075216693000000005,
        0.0073390873,
        0.0075658363,
        0.0073964203,
        0.007463753299999999,
        0.007447336299999999,
        0.0072967533,
        0.0076300863,
        0.0074081283000000005,
        0.007599503299999999,
        0.0074259623,
        0.0073840873,
        0.007443919299999999,
        0.007519420299999999,
        0.007260087299999999,
        0.0077139623,
        0.0076960863,
        0.008343586299999999,
        0.0079902533,
        0.0081565033,
        0.0077522943,
        0.0076159613,
        0.0076417533,
        0.0074582533
      ],
      "exit_codes": [
        0,
        0,
        0,
        0,
        0,
        0,
        0,
        0,
        0,
        0,
        0,
        0,
        0,
        0,
        0,
        0,
        0,
        0,
        0,
        0,
        0,
        0,
        0,
        0,
        0,
        0,
        0,
        0,
        0,
        0
      ]
    }
  ]
}
