{
  "results": [
    {
      "command": "go",
      "mean": 0.33624923988666666,
      "stddev": 0.008345395796307895,
      "median": 0.33290296072000003,
      "user": 0.32676522666666674,
      "system": 0.009038193333333333,
      "min": 0.33006912772,
      "max": 0.36220954372,
      "times": [
        0.33179012772,
        0.33254900172,
        0.33500146072,
        0.33286871072,
        0.33125037672,
        0.35876100272,
        0.35454333572,
        0.33163708572,
        0.33279891872,
        0.33167629372,
        0.33842962772,
        0.33381371072,
        0.33256362772,
        0.33006912772,
        0.33312012772,
        0.33257225172,
        0.33293721072,
        0.33764350272,
        0.33196346072,
        0.33298116872,
        0.33082525172,
        0.34589712772,
        0.36220954372,
        0.33430079472,
        0.33248137772,
        0.33322587772,
        0.34284066972,
        0.33031650172,
        0.33176562772,
        0.33464429372
      ],
      "exit_codes": [
        0,
        0,
        0,
        0,
        0,
        0,
        0,
        0,
        0,
        0,
        0,
        0,
        0,
        0,
        0,
        0,
        0,
        0,
        0,
        0,
        0,
        0,
        0,
        0,
        0,
        0,
        0,
        0,
        0,
        0
      ]
    },
    {
      "command": "tinygo",
      "mean": 0.10029918145333332,
      "stddev": 0.0004950117083299334,
      "median": 0.10020323122,
      "user": 0.09303139333333335,
      "system": 0.00721726,
      "min": 0.09949521072,
      "max": 0.10131712772,
      "times": [
        0.10126487672000001,
        0.10013716972,
        0.10050229372,
        0.10093191872,
        0.09985671072,
        0.09991183572,
        0.10056879372000001,
        0.10113037772,
        0.09949521072,
        0.10011746072,
        0.10063141872,
        0.10033104372,
        0.09996191872,
        0.10131712772,
        0.10033541872,
        0.10058012772,
        0.10019400172,
        0.10002958572,
        0.10082996072,
        0.10003929472,
        0.10058954372000001,
        0.09976608572,
        0.10021246072000001,
        0.10093083572,
        0.09968704472,
        0.10028250172,
        0.10011216872,
        0.09986191872,
        0.09962350172000001,
        0.09974283572
      ],
      "exit_codes": [
        0,
        0,
        0,
        0,
        0,
        0,
        0,
        0,
        0,
        0,
        0,
        0,
        0,
        0,
        0,
        0,
        0,
        0,
        0,
        0,
        0,
        0,
        0,
        0,
        0,
        0,
        0,
        0,
        0,
        0
      ]
    },
    {
      "command": "rust",
      "mean": 0.02057113852,
      "stddev": 0.0003029082344701455,
      "median": 0.020578815219999998,
      "user": 0.014378793333333332,
      "system": 0.006916193333333332,
      "min": 0.01986537772,
      "max": 0.021537210719999998,
      "times": [
        0.02071429372,
        0.02071266872,
        0.02071296072,
        0.02093271072,
        0.02046866872,
        0.02094329372,
        0.02055696072,
        0.02059883572,
        0.02076058572,
        0.02082429472,
        0.02050366872,
        0.021537210719999998,
        0.02038675172,
        0.02025646072,
        0.02068112772,
        0.020740502719999998,
        0.02043133572,
        0.02067512772,
        0.02034391972,
        0.02030441872,
        0.01986537772,
        0.02042987772,
        0.02016071072,
        0.02029012672,
        0.02034396072,
        0.02057587772,
        0.02058175272,
        0.02079383572,
        0.02030496072,
        0.02070187772
      ],
      "exit_codes": [
        0,
        0,
        0,
        0,
        0,
        0,
        0,
        0,
        0,
        0,
        0,
        0,
        0,
        0,
        0,
        0,
        0,
        0,
        0,
        0,
        0,
        0,
        0,
        0,
        0,
        0,
        0,
        0,
        0,
        0
      ]
    }
  ]
}
