{
  "results": [
    {
      "command": "go",
      "mean": 0.026430492186666665,
      "stddev": 0.000589754783866577,
      "median": 0.02627578292,
      "user": 0.021172213333333332,
      "system": 0.0049339399999999995,
      "min": 0.025293552920000004,
      "max": 0.02778605292,
      "times": [
        0.02618296992,
        0.026992052920000002,
        0.025918886920000002,
        0.025775094919999998,
        0.026615678920000004,
        0.02629376192,
        0.027182844920000004,
        0.02622705292,
        0.02634146992,
        0.02580921992,
        0.02560001192,
        0.02638551192,
        0.02778605292,
        0.026117219920000004,
        0.026817677920000005,
        0.02701463692,
        0.02666896992,
        0.026104011920000003,
        0.026062052920000002,
        0.027573719920000003,
        0.025293552920000004,
        0.026046719920000003,
        0.026990427920000004,
        0.026375761920000004,
        0.026257803920000003,
        0.02750796992,
        0.026230844920000003,
        0.02597705292,
        0.02652838692,
        0.026237344920000003
      ],
      "exit_codes": [
        0,
        0,
        0,
        0,
        0,
        0,
        0,
        0,
        0,
        0,
        0,
        0,
        0,
        0,
        0,
        0,
        0,
        0,
        0,
        0,
        0,
        0,
        0,
        0,
        0,
        0,
        0,
        0,
        0,
        0
      ]
    },
    {
      "command": "tinygo",
      "mean": 0.009632218520000001,
      "stddev": 0.00038612374836604957,
      "median": 0.00960632392,
      "user": 0.006604479999999999,
      "system": 0.0030308733333333335,
      "min": 0.00892076192,
      "max": 0.01085496992,
      "times": [
        0.01004334492,
        0.00993184492,
        0.009564511920000001,
        0.00943184492,
        0.00978101192,
        0.009615011920000001,
        0.01001313692,
        0.00970117792,
        0.009625053920000001,
        0.00964888692,
        0.009275552920000001,
        0.010067135920000001,
        0.00949692892,
        0.00936017792,
        0.009603802920000001,
        0.00945142792,
        0.010128010920000001,
        0.00934396992,
        0.00960884492,
        0.00944301092,
        0.010173594920000001,
        0.01085496992,
        0.00981592792,
        0.009388219920000001,
        0.00933813692,
        0.00901001092,
        0.00892076192,
        0.00946505392,
        0.00962121992,
        0.009243969920000001
      ],
      "exit_codes": [
        0,
        0,
        0,
        0,
        0,
        0,
        0,
        0,
        0,
        0,
        0,
        0,
        0,
        0,
        0,
        0,
        0,
        0,
        0,
        0,
        0,
        0,
        0,
        0,
        0,
        0,
        0,
        0,
        0,
        0
      ]
    },
    {
      "command": "rust",
      "mean": 0.006322049053333336,
      "stddev": 0.00020555744614428575,
      "median": 0.00633571942,
      "user": 0.0036286800000000004,
      "system": 0.0033156733333333326,
      "min": 0.00586130292,
      "max": 0.0067075949200000005,
      "times": [
        0.00659351092,
        0.006445553920000001,
        0.00638155292,
        0.00644721992,
        0.00644217792,
        0.00613771992,
        0.006240052920000001,
        0.0063892609200000006,
        0.0063375529199999996,
        0.006559302920000001,
        0.00586130292,
        0.006500886920000001,
        0.006445386920000001,
        0.006395386920000001,
        0.006180511920000001,
        0.005906844920000001,
        0.00612784492,
        0.00638446992,
        0.00591213692,
        0.006562760920000001,
        0.00630763692,
        0.006331719920000001,
        0.006333885920000001,
        0.00657580392,
        0.00625967792,
        0.00628838692,
        0.00621051192,
        0.00628151092,
        0.0067075949200000005,
        0.00611330392
      ],
      "exit_codes": [
        0,
        0,
        0,
        0,
        0,
        0,
        0,
        0,
        0,
        0,
        0,
        0,
        0,
        0,
        0,
        0,
        0,
        0,
        0,
        0,
        0,
        0,
        0,
        0,
        0,
        0,
        0,
        0,
        0,
        0
      ]
    }
  ]
}
