{
  "results": [
    {
      "command": "go",
      "mean": 0.022676992213333337,
      "stddev": 0.0006100376016038673,
      "median": 0.02259214098,
      "user": 0.01744254666666667,
      "system": 0.0050357,
      "min": 0.02174195398,
      "max": 0.02470170298,
      "times": [
        0.02268441098,
        0.02245232898,
        0.02284886998,
        0.02243049498,
        0.02261828698,
        0.02346191198,
        0.02300370298,
        0.02292628698,
        0.02355249498,
        0.02239899498,
        0.02189336998,
        0.02325282798,
        0.02323645298,
        0.02301645298,
        0.022303078980000002,
        0.02205607798,
        0.02200903598,
        0.02215407798,
        0.02297903598,
        0.02470170298,
        0.02312724498,
        0.02301549498,
        0.02263761998,
        0.02256599498,
        0.02236857898,
        0.02224061998,
        0.02174195398,
        0.022174703980000002,
        0.02204903698,
        0.02240861998
      ],
      "exit_codes": [
        0,
        0,
        0,
        0,
        0,
        0,
        0,
        0,
        0,
        0,
        0,
        0,
        0,
        0,
        0,
        0,
        0,
        0,
        0,
        0,
        0,
        0,
        0,
        0,
        0,
        0,
        0,
        0,
        0,
        0
      ]
    },
    {
      "command": "tinygo",
      "mean": 0.007842738013333335,
      "stddev": 0.000209084622445568,
      "median": 0.007830369980000002,
      "user": 0.004907013333333332,
      "system": 0.0028887666666666673,
      "min": 0.0074799949800000015,
      "max": 0.00838857898,
      "times": [
        0.00833878698,
        0.007838035980000001,
        0.00795891198,
        0.007982285980000002,
        0.00776870298,
        0.008156828980000001,
        0.007781577980000001,
        0.00787032898,
        0.00780532798,
        0.008117911980000002,
        0.007835744980000002,
        0.00788349498,
        0.007692619980000001,
        0.007693494980000002,
        0.007859952980000001,
        0.007483535980000001,
        0.007734494980000001,
        0.0076820359800000015,
        0.007728078980000001,
        0.007780160980000001,
        0.007828411980000002,
        0.00794132898,
        0.00793241098,
        0.007832327980000001,
        0.00838857898,
        0.00793466198,
        0.00761691198,
        0.00771299498,
        0.007622202980000001,
        0.0074799949800000015
      ],
      "exit_codes": [
        0,
        0,
        0,
        0,
        0,
        0,
        0,
        0,
        0,
        0,
        0,
        0,
        0,
        0,
        0,
        0,
        0,
        0,
        0,
        0,
        0,
        0,
        0,
        0,
        0,
        0,
        0,
        0,
        0,
        0
      ]
    },
    {
      "command": "rust",
      "mean": 0.006416922746666669,
      "stddev": 0.000258264682943772,
      "median": 0.00640161998,
      "user": 0.00371508,
      "system": 0.0033652999999999995,
      "min": 0.0059236619800000015,
      "max": 0.00730874498,
      "times": [
        0.006561952980000001,
        0.00604607798,
        0.0059236619800000015,
        0.006464869980000001,
        0.00661682798,
        0.00640978698,
        0.006683827980000001,
        0.00730874498,
        0.006607244980000001,
        0.00655936998,
        0.006456953980000001,
        0.00641516198,
        0.006805910980000001,
        0.006638494980000001,
        0.00655270298,
        0.00630178598,
        0.00645432898,
        0.00639345298,
        0.0062827869800000016,
        0.006219453980000001,
        0.006190869980000001,
        0.00643424498,
        0.0062397449800000015,
        0.00638182898,
        0.0063091199800000015,
        0.006388577980000001,
        0.006237078980000001,
        0.00620782798,
        0.0062916609800000006,
        0.006123327980000001
      ],
      "exit_codes": [
        0,
        0,
        0,
        0,
        0,
        0,
        0,
        0,
        0,
        0,
        0,
        0,
        0,
        0,
        0,
        0,
        0,
        0,
        0,
        0,
        0,
        0,
        0,
        0,
        0,
        0,
        0,
        0,
        0,
        0
      ]
    }
  ]
}
