{
  "results": [
    {
      "command": "go",
      "mean": 0.45513430374666675,
      "stddev": 0.004647343691885094,
      "median": 0.45359912628000004,
      "user": 0.39711993333333334,
      "system": 0.05783168,
      "min": 0.44943691728,
      "max": 0.46992562628000006,
      "times": [
        0.45256937528,
        0.45149808428000004,
        0.46229504228000007,
        0.46063487528,
        0.46992562628000006,
        0.46498287628000007,
        0.45492125128000005,
        0.45555550128000005,
        0.45280825028000005,
        0.45680508428000005,
        0.45245804228000003,
        0.45085341828000003,
        0.45390212628000004,
        0.45723045928000006,
        0.45352391828000005,
        0.45304816728,
        0.45149954328,
        0.45360875128000006,
        0.45171995928,
        0.45545370928000006,
        0.45103633428000006,
        0.45358950128000003,
        0.45749400128000006,
        0.45094141728000003,
        0.44943691728,
        0.46175854228,
        0.45556825128000006,
        0.45203612628000006,
        0.45275204228000004,
        0.45412191728000006
      ],
      "exit_codes": [
        0,
        0,
        0,
        0,
        0,
        0,
        0,
        0,
        0,
        0,
        0,
        0,
        0,
        0,
        0,
        0,
        0,
        0,
        0,
        0,
        0,
        0,
        0,
        0,
        0,
        0,
        0,
        0,
        0,
        0
      ]
    },
    {
      "command": "tinygo",
      "mean": 0.20198615238000006,
      "stddev": 0.00131801153941993,
      "median": 0.20182418828000004,
      "user": 0.14368746666666665,
      "system": 0.06447854666666666,
      "min": 0.20000675128000003,
      "max": 0.20616995928000004,
      "times": [
        0.20202466728000001,
        0.20244683428000002,
        0.20260175028000002,
        0.20616995928000004,
        0.20184095928000004,
        0.20126287528000003,
        0.20472312628000003,
        0.20184145928000002,
        0.20098175128000004,
        0.20223737628000002,
        0.20115504328000003,
        0.20305095928000003,
        0.20232358428000002,
        0.20127495928000003,
        0.20194254228000003,
        0.20109550128000003,
        0.20165779328000003,
        0.20233100128000003,
        0.20176300128000002,
        0.20095500028000002,
        0.20000675128000003,
        0.20180741728000004,
        0.20271591728000002,
        0.20427629228000002,
        0.20042525128000002,
        0.20175125128000002,
        0.20296858428000003,
        0.20049133428000002,
        0.20069204328000004,
        0.20076958428000002
      ],
      "exit_codes": [
        0,
        0,
        0,
        0,
        0,
        0,
        0,
        0,
        0,
        0,
        0,
        0,
        0,
        0,
        0,
        0,
        0,
        0,
        0,
        0,
        0,
        0,
        0,
        0,
        0,
        0,
        0,
        0,
        0,
        0
      ]
    },
    {
      "command": "rust",
      "mean": 0.16713587328,
      "stddev": 0.0013950372771504413,
      "median": 0.16693464678000003,
      "user": 0.10250873333333335,
      "system": 0.06758868,
      "min": 0.16515158428,
      "max": 0.17052895928000003,
      "times": [
        0.16534537628,
        0.16579004328000002,
        0.16678341828,
        0.16591083428000003,
        0.16847587628000002,
        0.16783625128000002,
        0.16629716728000002,
        0.16515158428,
        0.16817729228000003,
        0.16726433428000004,
        0.16585075128,
        0.16739595928000003,
        0.16564741828000001,
        0.16679508428000003,
        0.16576787628000003,
        0.16707420928000002,
        0.16668004328000002,
        0.16954762628000003,
        0.16961458428000004,
        0.16823258428,
        0.16780062528000003,
        0.16748520928000002,
        0.16970120928000001,
        0.16708191728000002,
        0.16612645928000003,
        0.16709812628000004,
        0.16654258428000002,
        0.17052895928000003,
        0.16593733428000002,
        0.16613545928000004
      ],
      "exit_codes": [
        0,
        0,
        0,
        0,
        0,
        0,
        0,
        0,
        0,
        0,
        0,
        0,
        0,
        0,
        0,
        0,
        0,
        0,
        0,
        0,
        0,
        0,
        0,
        0,
        0,
        0,
        0,
        0,
        0,
        0
      ]
    }
  ]
}
