{
  "results": [
    {
      "command": "go",
      "mean": 0.020906286693333335,
      "stddev": 0.0009096913309326672,
      "median": 0.02061092796,
      "user": 0.01601371333333333,
      "system": 0.004650940000000001,
      "min": 0.01971357446,
      "max": 0.02306978246,
      "times": [
        0.01999319946,
        0.02070549046,
        0.02154653246,
        0.02113440746,
        0.02065674046,
        0.02050086646,
        0.02026653246,
        0.01989565746,
        0.02046686646,
        0.020554324460000002,
        0.02044894846,
        0.02020890746,
        0.020956324460000002,
        0.02099857346,
        0.02029969946,
        0.02119832446,
        0.02205007346,
        0.02306978246,
        0.022879240460000002,
        0.02257632446,
        0.020906366460000003,
        0.02024540746,
        0.01993744946,
        0.02060099046,
        0.01971357446,
        0.020183574460000003,
        0.02034519946,
        0.020620865460000002,
        0.02236940746,
        0.021858949460000002
      ],
      "exit_codes": [
        0,
        0,
        0,
        0,
        0,
        0,
        0,
        0,
        0,
        0,
        0,
        0,
        0,
        0,
        0,
        0,
        0,
        0,
        0,
        0,
        0,
        0,
        0,
        0,
        0,
        0,
        0,
        0,
        0,
        0
      ]
    },
    {
      "command": "tinygo",
      "mean": 0.009396633793333335,
      "stddev": 0.0013890535663767948,
      "median": 0.00946459446,
      "user": 0.00514908,
      "system": 0.003963673333333333,
      "min": 0.00724690746,
      "max": 0.013262615460000002,
      "times": [
        0.00787644946,
        0.00725490746,
        0.00724690746,
        0.0073734494600000006,
        0.007592574459999999,
        0.007632532460000001,
        0.00788628246,
        0.00860574046,
        0.01052457446,
        0.00987140746,
        0.00965319846,
        0.00948507346,
        0.009537865460000001,
        0.013262615460000002,
        0.01029465746,
        0.01087953246,
        0.010635157460000001,
        0.011306074460000001,
        0.01106003246,
        0.00996724046,
        0.009444115460000001,
        0.01031436646,
        0.00942253246,
        0.00913974046,
        0.00843965746,
        0.00908619846,
        0.009186782460000001,
        0.01019132446,
        0.00879269846,
        0.00993532446
      ],
      "exit_codes": [
        0,
        0,
        0,
        0,
        0,
        0,
        0,
        0,
        0,
        0,
        0,
        0,
        0,
        0,
        0,
        0,
        0,
        0,
        0,
        0,
        0,
        0,
        0,
        0,
        0,
        0,
        0,
        0,
        0,
        0
      ]
    },
    {
      "command": "rust",
      "mean": 0.00817685746,
      "stddev": 0.0011815729673075343,
      "median": 0.00782332396,
      "user": 0.0041865133333333325,
      "system": 0.0043443399999999995,
      "min": 0.006796407460000001,
      "max": 0.01141161546,
      "times": [
        0.006877907460000001,
        0.00854611546,
        0.010375157460000001,
        0.008964241460000001,
        0.01141161546,
        0.00924540746,
        0.008985907460000001,
        0.00861044946,
        0.009908407460000001,
        0.00972807346,
        0.00924328246,
        0.00919419846,
        0.0074369074599999994,
        0.007252657460000001,
        0.007988074460000001,
        0.00786361546,
        0.00778303246,
        0.008096741460000001,
        0.00868890746,
        0.00715582446,
        0.00726915746,
        0.00706149046,
        0.00722790746,
        0.00717728246,
        0.007632782460000001,
        0.0072766574600000005,
        0.007073782460000001,
        0.00748628246,
        0.0069474494599999995,
        0.006796407460000001
      ],
      "exit_codes": [
        0,
        0,
        0,
        0,
        0,
        0,
        0,
        0,
        0,
        0,
        0,
        0,
        0,
        0,
        0,
        0,
        0,
        0,
        0,
        0,
        0,
        0,
        0,
        0,
        0,
        0,
        0,
        0,
        0,
        0
      ]
    }
  ]
}
