{
  "results": [
    {
      "command": "go",
      "mean": 0.04945093970000001,
      "stddev": 0.001772575777858974,
      "median": 0.0484332297,
      "user": 0.04106084666666666,
      "system": 0.00846694,
      "min": 0.0477643337,
      "max": 0.0538682927,
      "times": [
        0.0520722507,
        0.0519044597,
        0.0514353337,
        0.0516784587,
        0.0516507507,
        0.0524275427,
        0.051830500700000004,
        0.0505377507,
        0.0484321667,
        0.0480197507,
        0.0484342927,
        0.0477643337,
        0.0481497927,
        0.0481949177,
        0.0486566677,
        0.0479952927,
        0.0482679177,
        0.0492159177,
        0.0497373757,
        0.0482248757,
        0.0481757087,
        0.0481232927,
        0.0480813757,
        0.0491666257,
        0.0483612087,
        0.0481113347,
        0.047970417700000004,
        0.0478148347,
        0.0492247507,
        0.0538682927
      ],
      "exit_codes": [
        0,
        0,
        0,
        0,
        0,
        0,
        0,
        0,
        0,
        0,
        0,
        0,
        0,
        0,
        0,
        0,
        0,
        0,
        0,
        0,
        0,
        0,
        0,
        0,
        0,
        0,
        0,
        0,
        0,
        0
      ]
    },
    {
      "command": "tinygo",
      "mean": 0.019196138300000002,
      "stddev": 0.0002164774383804592,
      "median": 0.0191529587,
      "user": 0.012678446666666668,
      "system": 0.006972139999999998,
      "min": 0.018733208700000004,
      "max": 0.019860250700000002,
      "times": [
        0.0195246677,
        0.019430500700000002,
        0.019130250700000004,
        0.019122625700000003,
        0.019033583700000002,
        0.019207542700000003,
        0.019336458700000003,
        0.0193614177,
        0.019273334700000002,
        0.019029292700000002,
        0.0192309597,
        0.019101250700000003,
        0.0189331257,
        0.019407209700000004,
        0.019339959700000003,
        0.019860250700000002,
        0.019326375700000002,
        0.0191433337,
        0.019118042700000004,
        0.019419750700000002,
        0.0191451257,
        0.0189492087,
        0.018922208700000002,
        0.0192238347,
        0.019160791700000002,
        0.019249542700000004,
        0.0190275007,
        0.018733208700000004,
        0.0190809177,
        0.0190618757
      ],
      "exit_codes": [
        0,
        0,
        0,
        0,
        0,
        0,
        0,
        0,
        0,
        0,
        0,
        0,
        0,
        0,
        0,
        0,
        0,
        0,
        0,
        0,
        0,
        0,
        0,
        0,
        0,
        0,
        0,
        0,
        0,
        0
      ]
    },
    {
      "command": "rust",
      "mean": 0.015862340933333337,
      "stddev": 0.0003159377333429947,
      "median": 0.015809146200000002,
      "user": 0.009461013333333334,
      "system": 0.007292206666666665,
      "min": 0.015344083700000002,
      "max": 0.0168040427,
      "times": [
        0.016004291700000003,
        0.015886708700000002,
        0.0168040427,
        0.015776958700000003,
        0.016025959700000002,
        0.0160223757,
        0.0159030427,
        0.015344083700000002,
        0.015606000699999999,
        0.0157299587,
        0.015691416700000002,
        0.015559459700000002,
        0.015653166700000002,
        0.0155346257,
        0.0157207507,
        0.015707459700000002,
        0.0160236677,
        0.016022416700000004,
        0.015930208700000004,
        0.015575792700000002,
        0.015723417700000002,
        0.0158413337,
        0.015667334700000004,
        0.015748583700000002,
        0.015903625700000004,
        0.016180375700000003,
        0.015856334700000002,
        0.0156386667,
        0.015987666700000003,
        0.016800500700000002
      ],
      "exit_codes": [
        0,
        0,
        0,
        0,
        0,
        0,
        0,
        0,
        0,
        0,
        0,
        0,
        0,
        0,
        0,
        0,
        0,
        0,
        0,
        0,
        0,
        0,
        0,
        0,
        0,
        0,
        0,
        0,
        0,
        0
      ]
    }
  ]
}
